{
  "model": "PlainSwin1D",
  "config": {
    "embed_dim": 32,
    "depths": [
      2,
      2
    ],
    "num_heads": [
      2,
      4
    ],
    "window_size": 8,
    "patch_size": 10,
    "mlp_ratio": 4.0,
    "drop_path_rate": 0.1,
    "lr": 0.001,
    "finetune_lr": 0.0005,
    "epochs": 30,
    "finetune_epochs": 10,
    "batch_size": 64,
    "seed": 42
  },
  "parameters": 132030,
  "test_metrics": {
    "accuracy": 0.72,
    "macro_f1": 0.7197125052899846,
    "ece": 0.06879226118326187,
    "loss": 0.9523984740706201
  },
  "train_history": {
    "train_loss": [
      2.3496506236394246,
      1.1317866650422415,
      0.6924883235295614,
      0.527353402296702,
      0.44591551383336386,
      0.40246074094374973,
      0.36629178291559217,
      0.33855839347839356,
      0.31842663970589635,
      0.29863500243425367,
      0.28108870310584705,
      0.26699597747127213,
      0.2524118493199348,
      0.24211789489785832,
      0.2264506233284871,
      0.2154905091325442,
      0.20607256118456524,
      0.1985199256290992,
      0.18333060252666472,
      0.17475487881402174,
      0.16305832741657894,
      0.15478499820828437,
      0.15009095492959024,
      0.1469837343816956,
      0.1357574007983009,
      0.13127755221476156,
      0.12792505560566983,
      0.12345953825861215,
      0.12282559828956922,
      0.12162945433209339
    ],
    "val_loss": [
      1.4857243312166093,
      0.7097554194166306,
      0.5067213699221611,
      0.4667613810681282,
      0.3397154390336351,
      0.35714501360470946,
      0.3099673853671931,
      0.3020555123369745,
      0.26639259967239615,
      0.29245079673351126,
      0.2411530410197187,
      0.2708405625828086,
      0.23981274739700428,
      0.2478433415055909,
      0.2201802633068663,
      0.21628266598712256,
      0.20708605209167333,
      0.20409453783105028,
      0.20878915179600108,
      0.21984937584939154,
      0.19255973341220872,
      0.1975759168730137,
      0.1931216149254048,
      0.18477818114247094,
      0.18660861428113693,
      0.18704958024256407,
      0.18516778357406247,
      0.18389946414514424,
      0.18298772130003002,
      0.1821343601740738
    ],
    "val_acc": [
      0.5228333333333334,
      0.7711666666666667,
      0.81925,
      0.8356666666666667,
      0.8774166666666666,
      0.8744166666666666,
      0.8895833333333333,
      0.8939166666666667,
      0.907,
      0.89525,
      0.9169166666666667,
      0.9041666666666667,
      0.9188333333333333,
      0.9148333333333334,
      0.92075,
      0.9236666666666666,
      0.9270833333333334,
      0.9293333333333333,
      0.92575,
      0.9215833333333333,
      0.9319166666666666,
      0.9314166666666667,
      0.9344166666666667,
      0.9354166666666667,
      0.9354166666666667,
      0.9355,
      0.9354166666666667,
      0.9364166666666667,
      0.9375,
      0.9383333333333334
    ],
    "val_f1": [
      0.5018689749193715,
      0.7688808962010876,
      0.8188197523543618,
      0.8338952569022555,
      0.877542246924824,
      0.8757201953836337,
      0.8886056634412905,
      0.8933279762599319,
      0.9077005425459127,
      0.8943186940248512,
      0.9171182394289112,
      0.9047859862351476,
      0.9182808117562512,
      0.915390015003462,
      0.9208238193603449,
      0.924038780483121,
      0.9269032240503265,
      0.9292675103450051,
      0.9262374094836062,
      0.921055473879366,
      0.9319193772548415,
      0.9309942680093184,
      0.9343386273747583,
      0.9354170615031726,
      0.9353202157187096,
      0.9355126085437213,
      0.9353731483559535,
      0.9363575349940996,
      0.937525637155917,
      0.9384004484988929
    ],
    "val_ece": [
      0.09778531640768051,
      0.09153302758932114,
      0.02038079872727394,
      0.007029397878795862,
      0.018284130841493607,
      0.00607936829328537,
      0.004006349481642246,
      0.005660375580191612,
      0.008082573302090168,
      0.011324959807097912,
      0.007505695801228285,
      0.008178884163498878,
      0.0034757014364004135,
      0.007923699915409088,
      0.009350523352622986,
      0.006901606917381287,
      0.005016264505684376,
      0.006985398940742016,
      0.012050335295498371,
      0.01585027575492859,
      0.010234375484287739,
      0.011016538366675377,
      0.010494142770767212,
      0.010410726070404053,
      0.012095985934138298,
      0.012708056718111038,
      0.013166047632694244,
      0.011689133942127228,
      0.012488631531596184,
      0.010898568667471409
    ]
  },
  "finetune_history": {
    "train_loss": [
      4.204748861967249,
      2.9213832873613277,
      1.9409957096931783,
      1.269237551600375,
      1.042829634978416,
      0.9144452152417061,
      0.8156368068241059,
      0.7291851654014689,
      0.6849231633575673,
      0.6560780946561631
    ],
    "val_loss": [
      1.1542809729246384,
      1.0797119422795924,
      0.9542368514106628,
      0.9201683172203124,
      0.9953614682593244,
      0.9757173454507868,
      0.9399203409222846,
      0.9160560846645781,
      0.924074908203267,
      0.9255131605140706
    ],
    "val_acc": [
      0.6665,
      0.69175,
      0.7170833333333333,
      0.7225833333333334,
      0.7078333333333333,
      0.7095833333333333,
      0.7169166666666666,
      0.7216666666666667,
      0.7204166666666667,
      0.7209166666666667
    ],
    "val_f1": [
      0.6511392959226768,
      0.6832664292710189,
      0.7142335447960348,
      0.7188514663423715,
      0.7060517419422094,
      0.7082372995380835,
      0.7137459471186174,
      0.7181557298956989,
      0.7169110382474879,
      0.7172867368673624
    ],
    "val_ece": [
      0.16990913450717926,
      0.12959325313568115,
      0.12286650389432907,
      0.11598161607980728,
      0.12177009135484695,
      0.11840728670358658,
      0.1116180494427681,
      0.10723667591810226,
      0.10713841021060944,
      0.10636946558952332
    ]
  },
  "training_time_s": 1473.8566567897797,
  "finetuning_time_s": 64.45838713645935
}